,Field Name,Year,gwp,variable,value,segment,metric
0,Akshabulak,2015,20,Upstream Methane Intensity (kgCH4/boe),0.8229869228351347,Upstream,CH4
1,Akshabulak,2015,100,Upstream Methane Intensity (kgCH4/boe),0.8229869228351347,Upstream,CH4
2,Akshabulak,2016,20,Upstream Methane Intensity (kgCH4/boe),1.014904953140117,Upstream,CH4
3,Akshabulak,2016,100,Upstream Methane Intensity (kgCH4/boe),1.014904953140117,Upstream,CH4
4,Akshabulak,2017,20,Upstream Methane Intensity (kgCH4/boe),0.9865291367607938,Upstream,CH4
5,Akshabulak,2017,100,Upstream Methane Intensity (kgCH4/boe),0.9865291367607938,Upstream,CH4
6,Akshabulak,2018,20,Upstream Methane Intensity (kgCH4/boe),1.0758068578242488,Upstream,CH4
7,Akshabulak,2018,100,Upstream Methane Intensity (kgCH4/boe),1.0758068578242488,Upstream,CH4
8,Akshabulak,2019,20,Upstream Methane Intensity (kgCH4/boe),0.7958168159072024,Upstream,CH4
9,Akshabulak,2019,100,Upstream Methane Intensity (kgCH4/boe),0.7958168159072024,Upstream,CH4
10,Akshabulak,2020,20,Upstream Methane Intensity (kgCH4/boe),0.685464483784905,Upstream,CH4
11,Akshabulak,2020,100,Upstream Methane Intensity (kgCH4/boe),0.685464483784905,Upstream,CH4
12,Akshabulak,2021,20,Upstream Methane Intensity (kgCH4/boe),0.7926071028341604,Upstream,CH4
13,Akshabulak,2021,100,Upstream Methane Intensity (kgCH4/boe),0.7926071028341604,Upstream,CH4
14,Akshabulak,2022,20,Upstream Methane Intensity (kgCH4/boe),0.7515590158304886,Upstream,CH4
15,Akshabulak,2022,100,Upstream Methane Intensity (kgCH4/boe),0.7515590158304886,Upstream,CH4
16,Kalamkas,2015,20,Upstream Methane Intensity (kgCH4/boe),0.6750714520022373,Upstream,CH4
17,Kalamkas,2015,100,Upstream Methane Intensity (kgCH4/boe),0.6750714520022373,Upstream,CH4
18,Kalamkas,2016,20,Upstream Methane Intensity (kgCH4/boe),1.123941576997583,Upstream,CH4
19,Kalamkas,2016,100,Upstream Methane Intensity (kgCH4/boe),1.123941576997583,Upstream,CH4
20,Kalamkas,2017,20,Upstream Methane Intensity (kgCH4/boe),1.0624230374746209,Upstream,CH4
21,Kalamkas,2017,100,Upstream Methane Intensity (kgCH4/boe),1.0624230374746209,Upstream,CH4
22,Kalamkas,2018,20,Upstream Methane Intensity (kgCH4/boe),1.0077367668493116,Upstream,CH4
23,Kalamkas,2018,100,Upstream Methane Intensity (kgCH4/boe),1.0077367668493116,Upstream,CH4
24,Kalamkas,2019,20,Upstream Methane Intensity (kgCH4/boe),0.9539465558640507,Upstream,CH4
25,Kalamkas,2019,100,Upstream Methane Intensity (kgCH4/boe),0.9539465558640507,Upstream,CH4
26,Kalamkas,2020,20,Upstream Methane Intensity (kgCH4/boe),0.9529365889169592,Upstream,CH4
27,Kalamkas,2020,100,Upstream Methane Intensity (kgCH4/boe),0.9529365889169592,Upstream,CH4
28,Kalamkas,2021,20,Upstream Methane Intensity (kgCH4/boe),0.9527710579126436,Upstream,CH4
29,Kalamkas,2021,100,Upstream Methane Intensity (kgCH4/boe),0.9527710579126436,Upstream,CH4
30,Kalamkas,2022,20,Upstream Methane Intensity (kgCH4/boe),0.9526038443486688,Upstream,CH4
31,Kalamkas,2022,100,Upstream Methane Intensity (kgCH4/boe),0.9526038443486688,Upstream,CH4
32,Karachaganak,2015,20,Upstream Methane Intensity (kgCH4/boe),0.4450446647849514,Upstream,CH4
33,Karachaganak,2015,100,Upstream Methane Intensity (kgCH4/boe),0.4450446647849514,Upstream,CH4
34,Karachaganak,2016,20,Upstream Methane Intensity (kgCH4/boe),0.4472164630207655,Upstream,CH4
35,Karachaganak,2016,100,Upstream Methane Intensity (kgCH4/boe),0.4472164630207655,Upstream,CH4
36,Karachaganak,2017,20,Upstream Methane Intensity (kgCH4/boe),0.4417240892467653,Upstream,CH4
37,Karachaganak,2017,100,Upstream Methane Intensity (kgCH4/boe),0.4417240892467653,Upstream,CH4
38,Karachaganak,2018,20,Upstream Methane Intensity (kgCH4/boe),0.4430024614592915,Upstream,CH4
39,Karachaganak,2018,100,Upstream Methane Intensity (kgCH4/boe),0.4430024614592915,Upstream,CH4
40,Karachaganak,2019,20,Upstream Methane Intensity (kgCH4/boe),0.44624857030595,Upstream,CH4
41,Karachaganak,2019,100,Upstream Methane Intensity (kgCH4/boe),0.44624857030595,Upstream,CH4
42,Karachaganak,2020,20,Upstream Methane Intensity (kgCH4/boe),0.437780853560244,Upstream,CH4
43,Karachaganak,2020,100,Upstream Methane Intensity (kgCH4/boe),0.437780853560244,Upstream,CH4
44,Karachaganak,2021,20,Upstream Methane Intensity (kgCH4/boe),0.4332177285067131,Upstream,CH4
45,Karachaganak,2021,100,Upstream Methane Intensity (kgCH4/boe),0.4332177285067131,Upstream,CH4
46,Karachaganak,2022,20,Upstream Methane Intensity (kgCH4/boe),0.4476730718171752,Upstream,CH4
47,Karachaganak,2022,100,Upstream Methane Intensity (kgCH4/boe),0.4476730718171752,Upstream,CH4
48,Tengiz,2015,20,Upstream Methane Intensity (kgCH4/boe),0.546694092241082,Upstream,CH4
49,Tengiz,2015,100,Upstream Methane Intensity (kgCH4/boe),0.546694092241082,Upstream,CH4
50,Tengiz,2016,20,Upstream Methane Intensity (kgCH4/boe),0.5444262855432828,Upstream,CH4
51,Tengiz,2016,100,Upstream Methane Intensity (kgCH4/boe),0.5444262855432828,Upstream,CH4
52,Tengiz,2017,20,Upstream Methane Intensity (kgCH4/boe),0.5388512364442668,Upstream,CH4
53,Tengiz,2017,100,Upstream Methane Intensity (kgCH4/boe),0.5388512364442668,Upstream,CH4
54,Tengiz,2018,20,Upstream Methane Intensity (kgCH4/boe),0.5358645368674626,Upstream,CH4
55,Tengiz,2018,100,Upstream Methane Intensity (kgCH4/boe),0.5358645368674626,Upstream,CH4
56,Tengiz,2019,20,Upstream Methane Intensity (kgCH4/boe),0.5294463402020936,Upstream,CH4
57,Tengiz,2019,100,Upstream Methane Intensity (kgCH4/boe),0.5294463402020936,Upstream,CH4
58,Tengiz,2020,20,Upstream Methane Intensity (kgCH4/boe),0.5316947957386823,Upstream,CH4
59,Tengiz,2020,100,Upstream Methane Intensity (kgCH4/boe),0.5316947957386823,Upstream,CH4
60,Tengiz,2021,20,Upstream Methane Intensity (kgCH4/boe),0.5366422970702408,Upstream,CH4
61,Tengiz,2021,100,Upstream Methane Intensity (kgCH4/boe),0.5366422970702408,Upstream,CH4
62,Tengiz,2022,20,Upstream Methane Intensity (kgCH4/boe),0.5391382860617484,Upstream,CH4
63,Tengiz,2022,100,Upstream Methane Intensity (kgCH4/boe),0.5391382860617484,Upstream,CH4
64,Uzen,2015,20,Upstream Methane Intensity (kgCH4/boe),1.5526801657928777,Upstream,CH4
65,Uzen,2015,100,Upstream Methane Intensity (kgCH4/boe),1.5526801657928777,Upstream,CH4
66,Uzen,2016,20,Upstream Methane Intensity (kgCH4/boe),1.4342483341479833,Upstream,CH4
67,Uzen,2016,100,Upstream Methane Intensity (kgCH4/boe),1.4342483341479833,Upstream,CH4
68,Uzen,2017,20,Upstream Methane Intensity (kgCH4/boe),1.3740082810611984,Upstream,CH4
69,Uzen,2017,100,Upstream Methane Intensity (kgCH4/boe),1.3740082810611984,Upstream,CH4
70,Uzen,2018,20,Upstream Methane Intensity (kgCH4/boe),1.32032727360486,Upstream,CH4
71,Uzen,2018,100,Upstream Methane Intensity (kgCH4/boe),1.32032727360486,Upstream,CH4
72,Uzen,2019,20,Upstream Methane Intensity (kgCH4/boe),1.267378608096794,Upstream,CH4
73,Uzen,2019,100,Upstream Methane Intensity (kgCH4/boe),1.267378608096794,Upstream,CH4
74,Uzen,2020,20,Upstream Methane Intensity (kgCH4/boe),1.25188570526678,Upstream,CH4
75,Uzen,2020,100,Upstream Methane Intensity (kgCH4/boe),1.25188570526678,Upstream,CH4
76,Uzen,2021,20,Upstream Methane Intensity (kgCH4/boe),1.2518724749884602,Upstream,CH4
77,Uzen,2021,100,Upstream Methane Intensity (kgCH4/boe),1.2518724749884602,Upstream,CH4
78,Uzen,2022,20,Upstream Methane Intensity (kgCH4/boe),1.2522386693737024,Upstream,CH4
79,Uzen,2022,100,Upstream Methane Intensity (kgCH4/boe),1.2522386693737024,Upstream,CH4
80,Zhanazhol,2015,20,Upstream Methane Intensity (kgCH4/boe),1.0421243320346305,Upstream,CH4
81,Zhanazhol,2015,100,Upstream Methane Intensity (kgCH4/boe),1.0421243320346305,Upstream,CH4
82,Zhanazhol,2016,20,Upstream Methane Intensity (kgCH4/boe),0.8571107691381976,Upstream,CH4
83,Zhanazhol,2016,100,Upstream Methane Intensity (kgCH4/boe),0.8571107691381976,Upstream,CH4
84,Zhanazhol,2017,20,Upstream Methane Intensity (kgCH4/boe),0.8797693136877898,Upstream,CH4
85,Zhanazhol,2017,100,Upstream Methane Intensity (kgCH4/boe),0.8797693136877898,Upstream,CH4
86,Zhanazhol,2018,20,Upstream Methane Intensity (kgCH4/boe),0.8348346055646949,Upstream,CH4
87,Zhanazhol,2018,100,Upstream Methane Intensity (kgCH4/boe),0.8348346055646949,Upstream,CH4
88,Zhanazhol,2019,20,Upstream Methane Intensity (kgCH4/boe),0.8251698350023838,Upstream,CH4
89,Zhanazhol,2019,100,Upstream Methane Intensity (kgCH4/boe),0.8251698350023838,Upstream,CH4
90,Zhanazhol,2020,20,Upstream Methane Intensity (kgCH4/boe),0.8129264168430411,Upstream,CH4
91,Zhanazhol,2020,100,Upstream Methane Intensity (kgCH4/boe),0.8129264168430411,Upstream,CH4
92,Zhanazhol,2021,20,Upstream Methane Intensity (kgCH4/boe),0.8177752656188935,Upstream,CH4
93,Zhanazhol,2021,100,Upstream Methane Intensity (kgCH4/boe),0.8177752656188935,Upstream,CH4
94,Zhanazhol,2022,20,Upstream Methane Intensity (kgCH4/boe),0.8147659612071517,Upstream,CH4
95,Zhanazhol,2022,100,Upstream Methane Intensity (kgCH4/boe),0.8147659612071517,Upstream,CH4
96,Akshabulak,2015,20,Midstream Methane Intensity (kgCH4/boe),0.0085544273276266,Midstream,CH4
97,Akshabulak,2015,100,Midstream Methane Intensity (kgCH4/boe),0.008302788640808,Midstream,CH4
98,Akshabulak,2016,20,Midstream Methane Intensity (kgCH4/boe),0.0084413657360111,Midstream,CH4
99,Akshabulak,2016,100,Midstream Methane Intensity (kgCH4/boe),0.0081930528908128,Midstream,CH4
100,Akshabulak,2017,20,Midstream Methane Intensity (kgCH4/boe),0.0084282967378962,Midstream,CH4
101,Akshabulak,2017,100,Midstream Methane Intensity (kgCH4/boe),0.0081803683328711,Midstream,CH4
102,Akshabulak,2018,20,Midstream Methane Intensity (kgCH4/boe),0.0084471394091064,Midstream,CH4
103,Akshabulak,2018,100,Midstream Methane Intensity (kgCH4/boe),0.0081986567244249,Midstream,CH4
104,Akshabulak,2019,20,Midstream Methane Intensity (kgCH4/boe),0.0084302596193316,Midstream,CH4
105,Akshabulak,2019,100,Midstream Methane Intensity (kgCH4/boe),0.0081822734738069,Midstream,CH4
106,Akshabulak,2020,20,Midstream Methane Intensity (kgCH4/boe),0.0084264603401746,Midstream,CH4
107,Akshabulak,2020,100,Midstream Methane Intensity (kgCH4/boe),0.0081785859549796,Midstream,CH4
108,Akshabulak,2021,20,Midstream Methane Intensity (kgCH4/boe),0.0082600357511461,Midstream,CH4
109,Akshabulak,2021,100,Midstream Methane Intensity (kgCH4/boe),0.0080170569438119,Midstream,CH4
110,Akshabulak,2022,20,Midstream Methane Intensity (kgCH4/boe),0.0083566504921757,Midstream,CH4
111,Akshabulak,2022,100,Midstream Methane Intensity (kgCH4/boe),0.0081108296469553,Midstream,CH4
112,Kalamkas,2015,20,Midstream Methane Intensity (kgCH4/boe),0.0046553471584036,Midstream,CH4
113,Kalamkas,2015,100,Midstream Methane Intensity (kgCH4/boe),0.0045183862600473,Midstream,CH4
114,Kalamkas,2016,20,Midstream Methane Intensity (kgCH4/boe),0.0046651443650121,Midstream,CH4
115,Kalamkas,2016,100,Midstream Methane Intensity (kgCH4/boe),0.0045278952316063,Midstream,CH4
116,Kalamkas,2017,20,Midstream Methane Intensity (kgCH4/boe),0.0046628974457658,Midstream,CH4
117,Kalamkas,2017,100,Midstream Methane Intensity (kgCH4/boe),0.0045257144170066,Midstream,CH4
118,Kalamkas,2018,20,Midstream Methane Intensity (kgCH4/boe),0.0046609011380449,Midstream,CH4
119,Kalamkas,2018,100,Midstream Methane Intensity (kgCH4/boe),0.0045237768409097,Midstream,CH4
120,Kalamkas,2019,20,Midstream Methane Intensity (kgCH4/boe),0.0046589375704437,Midstream,CH4
121,Kalamkas,2019,100,Midstream Methane Intensity (kgCH4/boe),0.004521871041714,Midstream,CH4
122,Kalamkas,2020,20,Midstream Methane Intensity (kgCH4/boe),0.0046589065391838,Midstream,CH4
123,Kalamkas,2020,100,Midstream Methane Intensity (kgCH4/boe),0.0045218409233976,Midstream,CH4
124,Kalamkas,2021,20,Midstream Methane Intensity (kgCH4/boe),0.0046589065391838,Midstream,CH4
125,Kalamkas,2021,100,Midstream Methane Intensity (kgCH4/boe),0.0045218409233976,Midstream,CH4
126,Kalamkas,2022,20,Midstream Methane Intensity (kgCH4/boe),0.0046589065391838,Midstream,CH4
127,Kalamkas,2022,100,Midstream Methane Intensity (kgCH4/boe),0.0045218409233976,Midstream,CH4
128,Karachaganak,2015,20,Midstream Methane Intensity (kgCH4/boe),0.0,Midstream,CH4
129,Karachaganak,2015,100,Midstream Methane Intensity (kgCH4/boe),0.0,Midstream,CH4
130,Karachaganak,2016,20,Midstream Methane Intensity (kgCH4/boe),0.0,Midstream,CH4
131,Karachaganak,2016,100,Midstream Methane Intensity (kgCH4/boe),0.0,Midstream,CH4
132,Karachaganak,2017,20,Midstream Methane Intensity (kgCH4/boe),0.0,Midstream,CH4
133,Karachaganak,2017,100,Midstream Methane Intensity (kgCH4/boe),0.0,Midstream,CH4
134,Karachaganak,2018,20,Midstream Methane Intensity (kgCH4/boe),0.0,Midstream,CH4
135,Karachaganak,2018,100,Midstream Methane Intensity (kgCH4/boe),0.0,Midstream,CH4
136,Karachaganak,2019,20,Midstream Methane Intensity (kgCH4/boe),0.0,Midstream,CH4
137,Karachaganak,2019,100,Midstream Methane Intensity (kgCH4/boe),0.0,Midstream,CH4
138,Karachaganak,2020,20,Midstream Methane Intensity (kgCH4/boe),0.0,Midstream,CH4
139,Karachaganak,2020,100,Midstream Methane Intensity (kgCH4/boe),0.0,Midstream,CH4
140,Karachaganak,2021,20,Midstream Methane Intensity (kgCH4/boe),0.0,Midstream,CH4
141,Karachaganak,2021,100,Midstream Methane Intensity (kgCH4/boe),0.0,Midstream,CH4
142,Karachaganak,2022,20,Midstream Methane Intensity (kgCH4/boe),0.0,Midstream,CH4
143,Karachaganak,2022,100,Midstream Methane Intensity (kgCH4/boe),0.0,Midstream,CH4
144,Tengiz,2015,20,Midstream Methane Intensity (kgCH4/boe),0.0036325325393177,Midstream,CH4
145,Tengiz,2015,100,Midstream Methane Intensity (kgCH4/boe),0.0035256614071057,Midstream,CH4
146,Tengiz,2016,20,Midstream Methane Intensity (kgCH4/boe),0.003602704689141,Midstream,CH4
147,Tengiz,2016,100,Midstream Methane Intensity (kgCH4/boe),0.0034967111089083,Midstream,CH4
148,Tengiz,2017,20,Midstream Methane Intensity (kgCH4/boe),0.0036180420542157,Midstream,CH4
149,Tengiz,2017,100,Midstream Methane Intensity (kgCH4/boe),0.0035115972401529,Midstream,CH4
150,Tengiz,2018,20,Midstream Methane Intensity (kgCH4/boe),0.0034596764207081,Midstream,CH4
151,Tengiz,2018,100,Midstream Methane Intensity (kgCH4/boe),0.0033578908118618,Midstream,CH4
152,Tengiz,2019,20,Midstream Methane Intensity (kgCH4/boe),0.0034739315225632,Midstream,CH4
153,Tengiz,2019,100,Midstream Methane Intensity (kgCH4/boe),0.0033717265206741,Midstream,CH4
154,Tengiz,2020,20,Midstream Methane Intensity (kgCH4/boe),0.0035581445451957,Midstream,CH4
155,Tengiz,2020,100,Midstream Methane Intensity (kgCH4/boe),0.0034534619492373,Midstream,CH4
156,Tengiz,2021,20,Midstream Methane Intensity (kgCH4/boe),0.0037349211867936,Midstream,CH4
157,Tengiz,2021,100,Midstream Methane Intensity (kgCH4/boe),0.0036250377234977,Midstream,CH4
158,Tengiz,2022,20,Midstream Methane Intensity (kgCH4/boe),0.0038975643247729,Midstream,CH4
159,Tengiz,2022,100,Midstream Methane Intensity (kgCH4/boe),0.0037828958096944,Midstream,CH4
160,Uzen,2015,20,Midstream Methane Intensity (kgCH4/boe),0.0082141503347822,Midstream,CH4
161,Uzen,2015,100,Midstream Methane Intensity (kgCH4/boe),0.0079725287716392,Midstream,CH4
162,Uzen,2016,20,Midstream Methane Intensity (kgCH4/boe),0.0082065516444831,Midstream,CH4
163,Uzen,2016,100,Midstream Methane Intensity (kgCH4/boe),0.0079651535989716,Midstream,CH4
164,Uzen,2017,20,Midstream Methane Intensity (kgCH4/boe),0.0082026703129711,Midstream,CH4
165,Uzen,2017,100,Midstream Methane Intensity (kgCH4/boe),0.0079613864379275,Midstream,CH4
166,Uzen,2018,20,Midstream Methane Intensity (kgCH4/boe),0.0081992218311408,Midstream,CH4
167,Uzen,2018,100,Midstream Methane Intensity (kgCH4/boe),0.0079580393941689,Midstream,CH4
168,Uzen,2019,20,Midstream Methane Intensity (kgCH4/boe),0.0081958298532599,Midstream,CH4
169,Uzen,2019,100,Midstream Methane Intensity (kgCH4/boe),0.00795474719228,Midstream,CH4
170,Uzen,2020,20,Midstream Methane Intensity (kgCH4/boe),0.0082018755079299,Midstream,CH4
171,Uzen,2020,100,Midstream Methane Intensity (kgCH4/boe),0.0079606150123022,Midstream,CH4
172,Uzen,2021,20,Midstream Methane Intensity (kgCH4/boe),0.0082018755079299,Midstream,CH4
173,Uzen,2021,100,Midstream Methane Intensity (kgCH4/boe),0.0079606150123022,Midstream,CH4
174,Uzen,2022,20,Midstream Methane Intensity (kgCH4/boe),0.0082018755079299,Midstream,CH4
175,Uzen,2022,100,Midstream Methane Intensity (kgCH4/boe),0.0079606150123022,Midstream,CH4
176,Zhanazhol,2015,20,Midstream Methane Intensity (kgCH4/boe),0.0027599798651154,Midstream,CH4
177,Zhanazhol,2015,100,Midstream Methane Intensity (kgCH4/boe),0.0026787797189709,Midstream,CH4
178,Zhanazhol,2016,20,Midstream Methane Intensity (kgCH4/boe),0.0021531479661722,Midstream,CH4
179,Zhanazhol,2016,100,Midstream Methane Intensity (kgCH4/boe),0.0020898011527647,Midstream,CH4
180,Zhanazhol,2017,20,Midstream Methane Intensity (kgCH4/boe),0.0021314913246729,Midstream,CH4
181,Zhanazhol,2017,100,Midstream Methane Intensity (kgCH4/boe),0.0020687816617305,Midstream,CH4
182,Zhanazhol,2018,20,Midstream Methane Intensity (kgCH4/boe),0.0018468040333298,Midstream,CH4
183,Zhanazhol,2018,100,Midstream Methane Intensity (kgCH4/boe),0.0017924700291937,Midstream,CH4
184,Zhanazhol,2019,20,Midstream Methane Intensity (kgCH4/boe),0.001904541224075,Midstream,CH4
185,Zhanazhol,2019,100,Midstream Methane Intensity (kgCH4/boe),0.0018485085596024,Midstream,CH4
186,Zhanazhol,2020,20,Midstream Methane Intensity (kgCH4/boe),0.0018069215578637,Midstream,CH4
187,Zhanazhol,2020,100,Midstream Methane Intensity (kgCH4/boe),0.0017537609183878,Midstream,CH4
188,Zhanazhol,2021,20,Midstream Methane Intensity (kgCH4/boe),0.0018470200661972,Midstream,CH4
189,Zhanazhol,2021,100,Midstream Methane Intensity (kgCH4/boe),0.0017926797062538,Midstream,CH4
190,Zhanazhol,2022,20,Midstream Methane Intensity (kgCH4/boe),0.0018696422919714,Midstream,CH4
191,Zhanazhol,2022,100,Midstream Methane Intensity (kgCH4/boe),0.0018146363735352,Midstream,CH4
192,Akshabulak,2015,20,Transport Methane Intensity (kgCH4/boe),0.002257122896928,Transport,CH4
193,Akshabulak,2015,100,Transport Methane Intensity (kgCH4/boe),0.002257122896928,Transport,CH4
194,Akshabulak,2016,20,Transport Methane Intensity (kgCH4/boe),0.002255920598053,Transport,CH4
195,Akshabulak,2016,100,Transport Methane Intensity (kgCH4/boe),0.002255920598053,Transport,CH4
196,Akshabulak,2017,20,Transport Methane Intensity (kgCH4/boe),0.002254640824862,Transport,CH4
197,Akshabulak,2017,100,Transport Methane Intensity (kgCH4/boe),0.002254640824862,Transport,CH4
198,Akshabulak,2018,20,Transport Methane Intensity (kgCH4/boe),0.0022554399814885,Transport,CH4
199,Akshabulak,2018,100,Transport Methane Intensity (kgCH4/boe),0.0022554399814885,Transport,CH4
200,Akshabulak,2019,20,Transport Methane Intensity (kgCH4/boe),0.0022546651194174,Transport,CH4
201,Akshabulak,2019,100,Transport Methane Intensity (kgCH4/boe),0.0022546651194174,Transport,CH4
202,Akshabulak,2020,20,Transport Methane Intensity (kgCH4/boe),0.0022546746858935,Transport,CH4
203,Akshabulak,2020,100,Transport Methane Intensity (kgCH4/boe),0.0022546746858935,Transport,CH4
204,Akshabulak,2021,20,Transport Methane Intensity (kgCH4/boe),0.0022470779962158,Transport,CH4
205,Akshabulak,2021,100,Transport Methane Intensity (kgCH4/boe),0.0022470779962158,Transport,CH4
206,Akshabulak,2022,20,Transport Methane Intensity (kgCH4/boe),0.0022513934326169,Transport,CH4
207,Akshabulak,2022,100,Transport Methane Intensity (kgCH4/boe),0.0022513934326169,Transport,CH4
208,Kalamkas,2015,20,Transport Methane Intensity (kgCH4/boe),0.0025987454361242,Transport,CH4
209,Kalamkas,2015,100,Transport Methane Intensity (kgCH4/boe),0.0025987454361242,Transport,CH4
210,Kalamkas,2016,20,Transport Methane Intensity (kgCH4/boe),0.0026011037474958,Transport,CH4
211,Kalamkas,2016,100,Transport Methane Intensity (kgCH4/boe),0.0026011037474958,Transport,CH4
212,Kalamkas,2017,20,Transport Methane Intensity (kgCH4/boe),0.0026006841028648,Transport,CH4
213,Kalamkas,2017,100,Transport Methane Intensity (kgCH4/boe),0.0026006841028648,Transport,CH4
214,Kalamkas,2018,20,Transport Methane Intensity (kgCH4/boe),0.0026003112635569,Transport,CH4
215,Kalamkas,2018,100,Transport Methane Intensity (kgCH4/boe),0.0026003112635569,Transport,CH4
216,Kalamkas,2019,20,Transport Methane Intensity (kgCH4/boe),0.0025999445389393,Transport,CH4
217,Kalamkas,2019,100,Transport Methane Intensity (kgCH4/boe),0.0025999445389393,Transport,CH4
218,Kalamkas,2020,20,Transport Methane Intensity (kgCH4/boe),0.0025999387434031,Transport,CH4
219,Kalamkas,2020,100,Transport Methane Intensity (kgCH4/boe),0.0025999387434031,Transport,CH4
220,Kalamkas,2021,20,Transport Methane Intensity (kgCH4/boe),0.0025999387434032,Transport,CH4
221,Kalamkas,2021,100,Transport Methane Intensity (kgCH4/boe),0.0025999387434032,Transport,CH4
222,Kalamkas,2022,20,Transport Methane Intensity (kgCH4/boe),0.0025999387434032,Transport,CH4
223,Kalamkas,2022,100,Transport Methane Intensity (kgCH4/boe),0.0025999387434032,Transport,CH4
224,Karachaganak,2015,20,Transport Methane Intensity (kgCH4/boe),0.0822063937800292,Transport,CH4
225,Karachaganak,2015,100,Transport Methane Intensity (kgCH4/boe),0.0822063937800292,Transport,CH4
226,Karachaganak,2016,20,Transport Methane Intensity (kgCH4/boe),0.0855916748219234,Transport,CH4
227,Karachaganak,2016,100,Transport Methane Intensity (kgCH4/boe),0.0855916748219234,Transport,CH4
228,Karachaganak,2017,20,Transport Methane Intensity (kgCH4/boe),0.0798878199019775,Transport,CH4
229,Karachaganak,2017,100,Transport Methane Intensity (kgCH4/boe),0.0798878199019775,Transport,CH4
230,Karachaganak,2018,20,Transport Methane Intensity (kgCH4/boe),0.0814407597490615,Transport,CH4
231,Karachaganak,2018,100,Transport Methane Intensity (kgCH4/boe),0.0814407597490615,Transport,CH4
232,Karachaganak,2019,20,Transport Methane Intensity (kgCH4/boe),0.08615907122007,Transport,CH4
233,Karachaganak,2019,100,Transport Methane Intensity (kgCH4/boe),0.08615907122007,Transport,CH4
234,Karachaganak,2020,20,Transport Methane Intensity (kgCH4/boe),0.0744165250866377,Transport,CH4
235,Karachaganak,2020,100,Transport Methane Intensity (kgCH4/boe),0.0744165250866377,Transport,CH4
236,Karachaganak,2021,20,Transport Methane Intensity (kgCH4/boe),0.0677769462150679,Transport,CH4
237,Karachaganak,2021,100,Transport Methane Intensity (kgCH4/boe),0.0677769462150679,Transport,CH4
238,Karachaganak,2022,20,Transport Methane Intensity (kgCH4/boe),0.0879421801173919,Transport,CH4
239,Karachaganak,2022,100,Transport Methane Intensity (kgCH4/boe),0.0879421801173919,Transport,CH4
240,Tengiz,2015,20,Transport Methane Intensity (kgCH4/boe),0.0021169911997839,Transport,CH4
241,Tengiz,2015,100,Transport Methane Intensity (kgCH4/boe),0.0021169911997839,Transport,CH4
242,Tengiz,2016,20,Transport Methane Intensity (kgCH4/boe),0.0021103671379635,Transport,CH4
243,Tengiz,2016,100,Transport Methane Intensity (kgCH4/boe),0.0021103671379635,Transport,CH4
244,Tengiz,2017,20,Transport Methane Intensity (kgCH4/boe),0.0021133321124326,Transport,CH4
245,Tengiz,2017,100,Transport Methane Intensity (kgCH4/boe),0.0021133321124326,Transport,CH4
246,Tengiz,2018,20,Transport Methane Intensity (kgCH4/boe),0.0020558895014174,Transport,CH4
247,Tengiz,2018,100,Transport Methane Intensity (kgCH4/boe),0.0020558895014174,Transport,CH4
248,Tengiz,2019,20,Transport Methane Intensity (kgCH4/boe),0.002059469142009,Transport,CH4
249,Tengiz,2019,100,Transport Methane Intensity (kgCH4/boe),0.002059469142009,Transport,CH4
250,Tengiz,2020,20,Transport Methane Intensity (kgCH4/boe),0.0021044402149636,Transport,CH4
251,Tengiz,2020,100,Transport Methane Intensity (kgCH4/boe),0.0021044402149636,Transport,CH4
252,Tengiz,2021,20,Transport Methane Intensity (kgCH4/boe),0.0021601199006989,Transport,CH4
253,Tengiz,2021,100,Transport Methane Intensity (kgCH4/boe),0.0021601199006989,Transport,CH4
254,Tengiz,2022,20,Transport Methane Intensity (kgCH4/boe),0.0021874333814386,Transport,CH4
255,Tengiz,2022,100,Transport Methane Intensity (kgCH4/boe),0.0021874333814386,Transport,CH4
256,Uzen,2015,20,Transport Methane Intensity (kgCH4/boe),0.0027233054648209,Transport,CH4
257,Uzen,2015,100,Transport Methane Intensity (kgCH4/boe),0.0027233054648209,Transport,CH4
258,Uzen,2016,20,Transport Methane Intensity (kgCH4/boe),0.0027223864186383,Transport,CH4
259,Uzen,2016,100,Transport Methane Intensity (kgCH4/boe),0.0027223864186383,Transport,CH4
260,Uzen,2017,20,Transport Methane Intensity (kgCH4/boe),0.0027219169794628,Transport,CH4
261,Uzen,2017,100,Transport Methane Intensity (kgCH4/boe),0.0027219169794628,Transport,CH4
262,Uzen,2018,20,Transport Methane Intensity (kgCH4/boe),0.0027214998925785,Transport,CH4
263,Uzen,2018,100,Transport Methane Intensity (kgCH4/boe),0.0027214998925785,Transport,CH4
264,Uzen,2019,20,Transport Methane Intensity (kgCH4/boe),0.0027210896397322,Transport,CH4
265,Uzen,2019,100,Transport Methane Intensity (kgCH4/boe),0.0027210896397322,Transport,CH4
266,Uzen,2020,20,Transport Methane Intensity (kgCH4/boe),0.0027217701035519,Transport,CH4
267,Uzen,2020,100,Transport Methane Intensity (kgCH4/boe),0.0027217701035519,Transport,CH4
268,Uzen,2021,20,Transport Methane Intensity (kgCH4/boe),0.0027217701035519,Transport,CH4
269,Uzen,2021,100,Transport Methane Intensity (kgCH4/boe),0.0027217701035519,Transport,CH4
270,Uzen,2022,20,Transport Methane Intensity (kgCH4/boe),0.0027217701035519,Transport,CH4
271,Uzen,2022,100,Transport Methane Intensity (kgCH4/boe),0.0027217701035519,Transport,CH4
272,Zhanazhol,2015,20,Transport Methane Intensity (kgCH4/boe),0.0014626468516757,Transport,CH4
273,Zhanazhol,2015,100,Transport Methane Intensity (kgCH4/boe),0.0014626468516757,Transport,CH4
274,Zhanazhol,2016,20,Transport Methane Intensity (kgCH4/boe),0.3652628703434223,Transport,CH4
275,Zhanazhol,2016,100,Transport Methane Intensity (kgCH4/boe),0.3652628703434223,Transport,CH4
276,Zhanazhol,2017,20,Transport Methane Intensity (kgCH4/boe),0.1054899062318658,Transport,CH4
277,Zhanazhol,2017,100,Transport Methane Intensity (kgCH4/boe),0.1054899062318658,Transport,CH4
278,Zhanazhol,2018,20,Transport Methane Intensity (kgCH4/boe),0.400818560216773,Transport,CH4
279,Zhanazhol,2018,100,Transport Methane Intensity (kgCH4/boe),0.400818560216773,Transport,CH4
280,Zhanazhol,2019,20,Transport Methane Intensity (kgCH4/boe),0.3811474761273825,Transport,CH4
281,Zhanazhol,2019,100,Transport Methane Intensity (kgCH4/boe),0.3811474761273825,Transport,CH4
282,Zhanazhol,2020,20,Transport Methane Intensity (kgCH4/boe),0.3979927886745936,Transport,CH4
283,Zhanazhol,2020,100,Transport Methane Intensity (kgCH4/boe),0.3979927886745936,Transport,CH4
284,Zhanazhol,2021,20,Transport Methane Intensity (kgCH4/boe),0.3910564726544289,Transport,CH4
285,Zhanazhol,2021,100,Transport Methane Intensity (kgCH4/boe),0.3910564726544289,Transport,CH4
286,Zhanazhol,2022,20,Transport Methane Intensity (kgCH4/boe),0.3953252595055225,Transport,CH4
287,Zhanazhol,2022,100,Transport Methane Intensity (kgCH4/boe),0.3953252595055225,Transport,CH4
288,Akshabulak,2015,20,Downstream Methane Intensity (kgCH4/boe),0.0194442810858559,Downstream,CH4
289,Akshabulak,2015,100,Downstream Methane Intensity (kgCH4/boe),0.0193687082228488,Downstream,CH4
290,Akshabulak,2016,20,Downstream Methane Intensity (kgCH4/boe),0.0193745143327531,Downstream,CH4
291,Akshabulak,2016,100,Downstream Methane Intensity (kgCH4/boe),0.0192999255608375,Downstream,CH4
292,Akshabulak,2017,20,Downstream Methane Intensity (kgCH4/boe),0.0193603219052457,Downstream,CH4
293,Akshabulak,2017,100,Downstream Methane Intensity (kgCH4/boe),0.019285849801147,Downstream,CH4
294,Akshabulak,2018,20,Downstream Methane Intensity (kgCH4/boe),0.0193751655777085,Downstream,CH4
295,Akshabulak,2018,100,Downstream Methane Intensity (kgCH4/boe),0.0193005279365172,Downstream,CH4
296,Akshabulak,2019,20,Downstream Methane Intensity (kgCH4/boe),0.0193615515153573,Downstream,CH4
297,Akshabulak,2019,100,Downstream Methane Intensity (kgCH4/boe),0.0192870623175447,Downstream,CH4
298,Akshabulak,2020,20,Downstream Methane Intensity (kgCH4/boe),0.0193594755104957,Downstream,CH4
299,Akshabulak,2020,100,Downstream Methane Intensity (kgCH4/boe),0.0192850192540336,Downstream,CH4
300,Akshabulak,2021,20,Downstream Methane Intensity (kgCH4/boe),0.0192254799324286,Downstream,CH4
301,Akshabulak,2021,100,Downstream Methane Intensity (kgCH4/boe),0.0191524871286909,Downstream,CH4
302,Akshabulak,2022,20,Downstream Methane Intensity (kgCH4/boe),0.0193027600059671,Downstream,CH4
303,Akshabulak,2022,100,Downstream Methane Intensity (kgCH4/boe),0.0192289178635346,Downstream,CH4
304,Kalamkas,2015,20,Downstream Methane Intensity (kgCH4/boe),0.0222817379129071,Downstream,CH4
305,Kalamkas,2015,100,Downstream Methane Intensity (kgCH4/boe),0.0222043622444402,Downstream,CH4
306,Kalamkas,2016,20,Downstream Methane Intensity (kgCH4/boe),0.022307743022224,Downstream,CH4
307,Kalamkas,2016,100,Downstream Methane Intensity (kgCH4/boe),0.0222301942910608,Downstream,CH4
308,Kalamkas,2017,20,Downstream Methane Intensity (kgCH4/boe),0.0223026925645515,Downstream,CH4
309,Kalamkas,2017,100,Downstream Methane Intensity (kgCH4/boe),0.0222251811839445,Downstream,CH4
310,Kalamkas,2018,20,Downstream Methane Intensity (kgCH4/boe),0.022298205412794,Downstream,CH4
311,Kalamkas,2018,100,Downstream Methane Intensity (kgCH4/boe),0.0222207272168258,Downstream,CH4
312,Kalamkas,2019,20,Downstream Methane Intensity (kgCH4/boe),0.0222937918518381,Downstream,CH4
313,Kalamkas,2019,100,Downstream Methane Intensity (kgCH4/boe),0.0222163462962694,Downstream,CH4
314,Kalamkas,2020,20,Downstream Methane Intensity (kgCH4/boe),0.0222937221020839,Downstream,CH4
315,Kalamkas,2020,100,Downstream Methane Intensity (kgCH4/boe),0.0222162770623482,Downstream,CH4
316,Kalamkas,2021,20,Downstream Methane Intensity (kgCH4/boe),0.0222937221020839,Downstream,CH4
317,Kalamkas,2021,100,Downstream Methane Intensity (kgCH4/boe),0.0222162770623482,Downstream,CH4
318,Kalamkas,2022,20,Downstream Methane Intensity (kgCH4/boe),0.0222937221020839,Downstream,CH4
319,Kalamkas,2022,100,Downstream Methane Intensity (kgCH4/boe),0.0222162770623482,Downstream,CH4
320,Karachaganak,2015,20,Downstream Methane Intensity (kgCH4/boe),0.0725889365312303,Downstream,CH4
321,Karachaganak,2015,100,Downstream Methane Intensity (kgCH4/boe),0.0725395899106884,Downstream,CH4
322,Karachaganak,2016,20,Downstream Methane Intensity (kgCH4/boe),0.0747379927135649,Downstream,CH4
323,Karachaganak,2016,100,Downstream Methane Intensity (kgCH4/boe),0.0746889791883956,Downstream,CH4
324,Karachaganak,2017,20,Downstream Methane Intensity (kgCH4/boe),0.0711170716144842,Downstream,CH4
325,Karachaganak,2017,100,Downstream Methane Intensity (kgCH4/boe),0.0710675101827473,Downstream,CH4
326,Karachaganak,2018,20,Downstream Methane Intensity (kgCH4/boe),0.0721037437937523,Downstream,CH4
327,Karachaganak,2018,100,Downstream Methane Intensity (kgCH4/boe),0.0720543285160835,Downstream,CH4
328,Karachaganak,2019,20,Downstream Methane Intensity (kgCH4/boe),0.0750992263289784,Downstream,CH4
329,Karachaganak,2019,100,Downstream Methane Intensity (kgCH4/boe),0.0750502710251964,Downstream,CH4
330,Karachaganak,2020,20,Downstream Methane Intensity (kgCH4/boe),0.0676388541659836,Downstream,CH4
331,Karachaganak,2020,100,Downstream Methane Intensity (kgCH4/boe),0.067588833491287,Downstream,CH4
332,Karachaganak,2021,20,Downstream Methane Intensity (kgCH4/boe),0.0634067155309756,Downstream,CH4
333,Karachaganak,2021,100,Downstream Methane Intensity (kgCH4/boe),0.0633562430317766,Downstream,CH4
334,Karachaganak,2022,20,Downstream Methane Intensity (kgCH4/boe),0.076229661037896,Downstream,CH4
335,Karachaganak,2022,100,Downstream Methane Intensity (kgCH4/boe),0.0761809070042398,Downstream,CH4
336,Tengiz,2015,20,Downstream Methane Intensity (kgCH4/boe),0.0190966389691609,Downstream,CH4
337,Tengiz,2015,100,Downstream Methane Intensity (kgCH4/boe),0.0190332095239672,Downstream,CH4
338,Tengiz,2016,20,Downstream Methane Intensity (kgCH4/boe),0.019045041056097,Downstream,CH4
339,Tengiz,2016,100,Downstream Methane Intensity (kgCH4/boe),0.0189820140210804,Downstream,CH4
340,Tengiz,2017,20,Downstream Methane Intensity (kgCH4/boe),0.0190699596878695,Downstream,CH4
341,Tengiz,2017,100,Downstream Methane Intensity (kgCH4/boe),0.0190067242906549,Downstream,CH4
342,Tengiz,2018,20,Downstream Methane Intensity (kgCH4/boe),0.0187144899026477,Downstream,CH4
343,Tengiz,2018,100,Downstream Methane Intensity (kgCH4/boe),0.0186533189143598,Downstream,CH4
344,Tengiz,2019,20,Downstream Methane Intensity (kgCH4/boe),0.0187406654567478,Downstream,CH4
345,Tengiz,2019,100,Downstream Methane Intensity (kgCH4/boe),0.0186793034783265,Downstream,CH4
346,Tengiz,2020,20,Downstream Methane Intensity (kgCH4/boe),0.0189824855772788,Downstream,CH4
347,Tengiz,2020,100,Downstream Methane Intensity (kgCH4/boe),0.0189200725462876,Downstream,CH4
348,Tengiz,2021,20,Downstream Methane Intensity (kgCH4/boe),0.0193483913389776,Downstream,CH4
349,Tengiz,2021,100,Downstream Methane Intensity (kgCH4/boe),0.0192836465373942,Downstream,CH4
350,Tengiz,2022,20,Downstream Methane Intensity (kgCH4/boe),0.0195975090614059,Downstream,CH4
351,Tengiz,2022,100,Downstream Methane Intensity (kgCH4/boe),0.0195305415365918,Downstream,CH4
352,Uzen,2015,20,Downstream Methane Intensity (kgCH4/boe),0.0208991683473235,Downstream,CH4
353,Uzen,2015,100,Downstream Methane Intensity (kgCH4/boe),0.0208498702052686,Downstream,CH4
354,Uzen,2016,20,Downstream Methane Intensity (kgCH4/boe),0.020890771097846,Downstream,CH4
355,Uzen,2016,100,Downstream Methane Intensity (kgCH4/boe),0.0208415185601809,Downstream,CH4
356,Uzen,2017,20,Downstream Methane Intensity (kgCH4/boe),0.0208864818706598,Downstream,CH4
357,Uzen,2017,100,Downstream Methane Intensity (kgCH4/boe),0.02083725262724,Downstream,CH4
358,Uzen,2018,20,Downstream Methane Intensity (kgCH4/boe),0.0208826709820582,Downstream,CH4
359,Uzen,2018,100,Downstream Methane Intensity (kgCH4/boe),0.0208334624350878,Downstream,CH4
360,Uzen,2019,20,Downstream Methane Intensity (kgCH4/boe),0.0208789225355012,Downstream,CH4
361,Uzen,2019,100,Downstream Methane Intensity (kgCH4/boe),0.0208297343458655,Downstream,CH4
362,Uzen,2020,20,Downstream Methane Intensity (kgCH4/boe),0.0208852892389995,Downstream,CH4
363,Uzen,2020,100,Downstream Methane Intensity (kgCH4/boe),0.0208360649692874,Downstream,CH4
364,Uzen,2021,20,Downstream Methane Intensity (kgCH4/boe),0.0208852892389995,Downstream,CH4
365,Uzen,2021,100,Downstream Methane Intensity (kgCH4/boe),0.0208360649692874,Downstream,CH4
366,Uzen,2022,20,Downstream Methane Intensity (kgCH4/boe),0.0208852892389995,Downstream,CH4
367,Uzen,2022,100,Downstream Methane Intensity (kgCH4/boe),0.0208360649692874,Downstream,CH4
368,Zhanazhol,2015,20,Downstream Methane Intensity (kgCH4/boe),0.0150514112920665,Downstream,CH4
369,Zhanazhol,2015,100,Downstream Methane Intensity (kgCH4/boe),0.0150061889702581,Downstream,CH4
370,Zhanazhol,2016,20,Downstream Methane Intensity (kgCH4/boe),0.2536361452457707,Downstream,CH4
371,Zhanazhol,2016,100,Downstream Methane Intensity (kgCH4/boe),0.2536003710545519,Downstream,CH4
372,Zhanazhol,2017,20,Downstream Methane Intensity (kgCH4/boe),0.0823593517569444,Downstream,CH4
373,Zhanazhol,2017,100,Downstream Methane Intensity (kgCH4/boe),0.0823239169686511,Downstream,CH4
374,Zhanazhol,2018,20,Downstream Methane Intensity (kgCH4/boe),0.2762909998134222,Downstream,CH4
375,Zhanazhol,2018,100,Downstream Methane Intensity (kgCH4/boe),0.2762602820783211,Downstream,CH4
376,Zhanazhol,2019,20,Downstream Methane Intensity (kgCH4/boe),0.2636083432716908,Downstream,CH4
377,Zhanazhol,2019,100,Downstream Methane Intensity (kgCH4/boe),0.2635765228845396,Downstream,CH4
378,Zhanazhol,2020,20,Downstream Methane Intensity (kgCH4/boe),0.2744242452077284,Downstream,CH4
379,Zhanazhol,2020,100,Downstream Methane Intensity (kgCH4/boe),0.2743940552663034,Downstream,CH4
380,Zhanazhol,2021,20,Downstream Methane Intensity (kgCH4/boe),0.269970538988247,Downstream,CH4
381,Zhanazhol,2021,100,Downstream Methane Intensity (kgCH4/boe),0.2699396790832519,Downstream,CH4
382,Zhanazhol,2022,20,Downstream Methane Intensity (kgCH4/boe),0.2727548384120473,Downstream,CH4
383,Zhanazhol,2022,100,Downstream Methane Intensity (kgCH4/boe),0.2727237187095186,Downstream,CH4
384,Akshabulak,2015,20,Upstream Emissions Intensity (kgCO2eq/boe),95.46869037154909,Upstream,CO2eq
385,Akshabulak,2015,100,Upstream Emissions Intensity (kgCO2eq/boe),47.52432496556364,Upstream,CO2eq
386,Akshabulak,2016,20,Upstream Emissions Intensity (kgCO2eq/boe),115.65945158690128,Upstream,CO2eq
387,Akshabulak,2016,100,Upstream Emissions Intensity (kgCO2eq/boe),57.22001123750121,Upstream,CO2eq
388,Akshabulak,2017,20,Upstream Emissions Intensity (kgCO2eq/boe),112.62958278492366,Upstream,CO2eq
389,Akshabulak,2017,100,Upstream Emissions Intensity (kgCO2eq/boe),55.70264624486453,Upstream,CO2eq
390,Akshabulak,2018,20,Upstream Emissions Intensity (kgCO2eq/boe),122.22230616755616,Upstream,CO2eq
391,Akshabulak,2018,100,Upstream Emissions Intensity (kgCO2eq/boe),60.39938110264308,Upstream,CO2eq
392,Akshabulak,2019,20,Upstream Emissions Intensity (kgCO2eq/boe),92.60591594309784,Upstream,CO2eq
393,Akshabulak,2019,100,Upstream Emissions Intensity (kgCO2eq/boe),46.05838083912407,Upstream,CO2eq
394,Akshabulak,2020,20,Upstream Emissions Intensity (kgCO2eq/boe),81.47912980869758,Upstream,CO2eq
395,Akshabulak,2020,100,Upstream Emissions Intensity (kgCO2eq/boe),40.95578234718218,Upstream,CO2eq
396,Akshabulak,2021,20,Upstream Emissions Intensity (kgCO2eq/boe),92.38854524155671,Upstream,CO2eq
397,Akshabulak,2021,100,Upstream Emissions Intensity (kgCO2eq/boe),45.70246587479024,Upstream,CO2eq
398,Akshabulak,2022,20,Upstream Emissions Intensity (kgCO2eq/boe),87.96200967916207,Upstream,CO2eq
399,Akshabulak,2022,100,Upstream Emissions Intensity (kgCO2eq/boe),43.70000989503668,Upstream,CO2eq
400,Kalamkas,2015,20,Upstream Emissions Intensity (kgCO2eq/boe),92.24347065307988,Upstream,CO2eq
401,Kalamkas,2015,100,Upstream Emissions Intensity (kgCO2eq/boe),48.69686070616007,Upstream,CO2eq
402,Kalamkas,2016,20,Upstream Emissions Intensity (kgCO2eq/boe),136.90872195718015,Upstream,CO2eq
403,Kalamkas,2016,100,Upstream Emissions Intensity (kgCO2eq/boe),69.17388619846399,Upstream,CO2eq
404,Kalamkas,2017,20,Upstream Emissions Intensity (kgCO2eq/boe),130.8633051823599,Upstream,CO2eq
405,Kalamkas,2017,100,Upstream Emissions Intensity (kgCO2eq/boe),66.3429907806942,Upstream,CO2eq
406,Kalamkas,2018,20,Upstream Emissions Intensity (kgCO2eq/boe),125.56652035280126,Upstream,CO2eq
407,Kalamkas,2018,100,Upstream Emissions Intensity (kgCO2eq/boe),63.88167296398706,Upstream,CO2eq
408,Kalamkas,2019,20,Upstream Emissions Intensity (kgCO2eq/boe),120.37654557006056,Upstream,CO2eq
409,Kalamkas,2019,100,Upstream Emissions Intensity (kgCO2eq/boe),61.4748019148017,Upstream,CO2eq
410,Kalamkas,2020,20,Upstream Emissions Intensity (kgCO2eq/boe),120.79649466240816,Upstream,CO2eq
411,Kalamkas,2020,100,Upstream Emissions Intensity (kgCO2eq/boe),61.79571178533693,Upstream,CO2eq
412,Kalamkas,2021,20,Upstream Emissions Intensity (kgCO2eq/boe),121.31162298378727,Upstream,CO2eq
413,Kalamkas,2021,100,Upstream Emissions Intensity (kgCO2eq/boe),62.163264629665406,Upstream,CO2eq
414,Kalamkas,2022,20,Upstream Emissions Intensity (kgCO2eq/boe),121.83774403779188,Upstream,CO2eq
415,Kalamkas,2022,100,Upstream Emissions Intensity (kgCO2eq/boe),62.53779149531662,Upstream,CO2eq
416,Karachaganak,2015,20,Upstream Emissions Intensity (kgCO2eq/boe),62.89427032952317,Upstream,CO2eq
417,Karachaganak,2015,100,Upstream Emissions Intensity (kgCO2eq/boe),33.40819397081628,Upstream,CO2eq
418,Karachaganak,2016,20,Upstream Emissions Intensity (kgCO2eq/boe),63.12734800400535,Upstream,CO2eq
419,Karachaganak,2016,100,Upstream Emissions Intensity (kgCO2eq/boe),33.5023317960191,Upstream,CO2eq
420,Karachaganak,2017,20,Upstream Emissions Intensity (kgCO2eq/boe),62.8120182349284,Upstream,CO2eq
421,Karachaganak,2017,100,Upstream Emissions Intensity (kgCO2eq/boe),33.44098462672012,Upstream,CO2eq
422,Karachaganak,2018,20,Upstream Emissions Intensity (kgCO2eq/boe),63.06173368827497,Upstream,CO2eq
423,Karachaganak,2018,100,Upstream Emissions Intensity (kgCO2eq/boe),33.57802229581006,Upstream,CO2eq
424,Karachaganak,2019,20,Upstream Emissions Intensity (kgCO2eq/boe),63.37926030092368,Upstream,CO2eq
425,Karachaganak,2019,100,Upstream Emissions Intensity (kgCO2eq/boe),33.698929358843415,Upstream,CO2eq
426,Karachaganak,2020,20,Upstream Emissions Intensity (kgCO2eq/boe),63.069591827307285,Upstream,CO2eq
427,Karachaganak,2020,100,Upstream Emissions Intensity (kgCO2eq/boe),33.74463832534124,Upstream,CO2eq
428,Karachaganak,2021,20,Upstream Emissions Intensity (kgCO2eq/boe),62.969030319334,Upstream,CO2eq
429,Karachaganak,2021,100,Upstream Emissions Intensity (kgCO2eq/boe),33.817115644070384,Upstream,CO2eq
430,Karachaganak,2022,20,Upstream Emissions Intensity (kgCO2eq/boe),63.97133679118945,Upstream,CO2eq
431,Karachaganak,2022,100,Upstream Emissions Intensity (kgCO2eq/boe),34.07167092949112,Upstream,CO2eq
432,Tengiz,2015,20,Upstream Emissions Intensity (kgCO2eq/boe),74.38418734559703,Upstream,CO2eq
433,Tengiz,2015,100,Upstream Emissions Intensity (kgCO2eq/boe),41.295914294783785,Upstream,CO2eq
434,Tengiz,2016,20,Upstream Emissions Intensity (kgCO2eq/boe),74.39740919065193,Upstream,CO2eq
435,Tengiz,2016,100,Upstream Emissions Intensity (kgCO2eq/boe),41.441529064065335,Upstream,CO2eq
436,Tengiz,2017,20,Upstream Emissions Intensity (kgCO2eq/boe),73.55984898521932,Upstream,CO2eq
437,Tengiz,2017,100,Upstream Emissions Intensity (kgCO2eq/boe),40.94260272408281,Upstream,CO2eq
438,Tengiz,2018,20,Upstream Emissions Intensity (kgCO2eq/boe),75.71040473277742,Upstream,CO2eq
439,Tengiz,2018,100,Upstream Emissions Intensity (kgCO2eq/boe),43.2343022248047,Upstream,CO2eq
440,Tengiz,2019,20,Upstream Emissions Intensity (kgCO2eq/boe),74.75482504533807,Upstream,CO2eq
441,Tengiz,2019,100,Upstream Emissions Intensity (kgCO2eq/boe),42.66875676190416,Upstream,CO2eq
442,Tengiz,2020,20,Upstream Emissions Intensity (kgCO2eq/boe),73.05787399899144,Upstream,CO2eq
443,Tengiz,2020,100,Upstream Emissions Intensity (kgCO2eq/boe),40.86703627083551,Upstream,CO2eq
444,Tengiz,2021,20,Upstream Emissions Intensity (kgCO2eq/boe),71.13790703426278,Upstream,CO2eq
445,Tengiz,2021,100,Upstream Emissions Intensity (kgCO2eq/boe),38.69045778877229,Upstream,CO2eq
446,Tengiz,2022,20,Upstream Emissions Intensity (kgCO2eq/boe),70.21633532435992,Upstream,CO2eq
447,Tengiz,2022,100,Upstream Emissions Intensity (kgCO2eq/boe),37.63644187373013,Upstream,CO2eq
448,Uzen,2015,20,Upstream Emissions Intensity (kgCO2eq/boe),164.6052635801453,Upstream,CO2eq
449,Uzen,2015,100,Upstream Emissions Intensity (kgCO2eq/boe),76.88186194390825,Upstream,CO2eq
450,Uzen,2016,20,Upstream Emissions Intensity (kgCO2eq/boe),152.10063279391505,Upstream,CO2eq
451,Uzen,2016,100,Upstream Emissions Intensity (kgCO2eq/boe),70.82304302450133,Upstream,CO2eq
452,Uzen,2017,20,Upstream Emissions Intensity (kgCO2eq/boe),145.73517895365313,Upstream,CO2eq
453,Uzen,2017,100,Upstream Emissions Intensity (kgCO2eq/boe),67.73665603592455,Upstream,CO2eq
454,Uzen,2018,20,Upstream Emissions Intensity (kgCO2eq/boe),140.06662015842363,Upstream,CO2eq
455,Uzen,2018,100,Upstream Emissions Intensity (kgCO2eq/boe),64.98986819876019,Upstream,CO2eq
456,Uzen,2019,20,Upstream Emissions Intensity (kgCO2eq/boe),134.4767130085863,Upstream,CO2eq
457,Uzen,2019,100,Upstream Emissions Intensity (kgCO2eq/boe),62.28163028948023,Upstream,CO2eq
458,Uzen,2020,20,Upstream Emissions Intensity (kgCO2eq/boe),136.1064686337479,Upstream,CO2eq
459,Uzen,2020,100,Upstream Emissions Intensity (kgCO2eq/boe),64.76071038078052,Upstream,CO2eq
460,Uzen,2021,20,Upstream Emissions Intensity (kgCO2eq/boe),136.10538110908138,Upstream,CO2eq
461,Uzen,2021,100,Upstream Emissions Intensity (kgCO2eq/boe),64.7603227346682,Upstream,CO2eq
462,Uzen,2022,20,Upstream Emissions Intensity (kgCO2eq/boe),136.13773790318544,Upstream,CO2eq
463,Uzen,2022,100,Upstream Emissions Intensity (kgCO2eq/boe),64.7732782231263,Upstream,CO2eq
464,Zhanazhol,2015,20,Upstream Emissions Intensity (kgCO2eq/boe),113.39522410475205,Upstream,CO2eq
465,Zhanazhol,2015,100,Upstream Emissions Intensity (kgCO2eq/boe),53.82976873808432,Upstream,CO2eq
466,Zhanazhol,2016,20,Upstream Emissions Intensity (kgCO2eq/boe),88.93170930543938,Upstream,CO2eq
467,Zhanazhol,2016,100,Upstream Emissions Intensity (kgCO2eq/boe),40.108283468858026,Upstream,CO2eq
468,Zhanazhol,2017,20,Upstream Emissions Intensity (kgCO2eq/boe),95.39263632249462,Upstream,CO2eq
469,Zhanazhol,2017,100,Upstream Emissions Intensity (kgCO2eq/boe),45.037652003088965,Upstream,CO2eq
470,Zhanazhol,2018,20,Upstream Emissions Intensity (kgCO2eq/boe),90.09280473977472,Upstream,CO2eq
471,Zhanazhol,2018,100,Upstream Emissions Intensity (kgCO2eq/boe),42.40706443931639,Upstream,CO2eq
472,Zhanazhol,2019,20,Upstream Emissions Intensity (kgCO2eq/boe),89.67362912878656,Upstream,CO2eq
473,Zhanazhol,2019,100,Upstream Emissions Intensity (kgCO2eq/boe),42.31347107891283,Upstream,CO2eq
474,Zhanazhol,2020,20,Upstream Emissions Intensity (kgCO2eq/boe),88.11376228054455,Upstream,CO2eq
475,Zhanazhol,2020,100,Upstream Emissions Intensity (kgCO2eq/boe),41.5201690467329,Upstream,CO2eq
476,Zhanazhol,2021,20,Upstream Emissions Intensity (kgCO2eq/boe),88.93282273322126,Upstream,CO2eq
477,Zhanazhol,2021,100,Upstream Emissions Intensity (kgCO2eq/boe),41.97689307142417,Upstream,CO2eq
478,Zhanazhol,2022,20,Upstream Emissions Intensity (kgCO2eq/boe),88.65000800317074,Upstream,CO2eq
479,Zhanazhol,2022,100,Upstream Emissions Intensity (kgCO2eq/boe),41.85299835242863,Upstream,CO2eq
480,Akshabulak,2015,20,Midstream Emissions Intensity (kgCO2eq/boe),31.99370066738883,Midstream,CO2eq
481,Akshabulak,2015,100,Midstream Emissions Intensity (kgCO2eq/boe),31.325098091016216,Midstream,CO2eq
482,Akshabulak,2016,20,Midstream Emissions Intensity (kgCO2eq/boe),31.783900782438707,Midstream,CO2eq
483,Akshabulak,2016,100,Midstream Emissions Intensity (kgCO2eq/boe),31.118945595113168,Midstream,CO2eq
484,Akshabulak,2017,20,Midstream Emissions Intensity (kgCO2eq/boe),31.71748374444834,Midstream,CO2eq
485,Akshabulak,2017,100,Midstream Emissions Intensity (kgCO2eq/boe),31.053977208970892,Midstream,CO2eq
486,Akshabulak,2018,20,Midstream Emissions Intensity (kgCO2eq/boe),31.774553632418858,Midstream,CO2eq
487,Akshabulak,2018,100,Midstream Emissions Intensity (kgCO2eq/boe),31.10990081558703,Midstream,CO2eq
488,Akshabulak,2019,20,Midstream Emissions Intensity (kgCO2eq/boe),31.721502989608197,Midstream,CO2eq
489,Akshabulak,2019,100,Midstream Emissions Intensity (kgCO2eq/boe),31.057923931481703,Midstream,CO2eq
490,Akshabulak,2020,20,Midstream Emissions Intensity (kgCO2eq/boe),31.70568207120489,Midstream,CO2eq
491,Akshabulak,2020,100,Midstream Emissions Intensity (kgCO2eq/boe),31.042440065636956,Midstream,CO2eq
492,Akshabulak,2021,20,Midstream Emissions Intensity (kgCO2eq/boe),31.19208550708241,Midstream,CO2eq
493,Akshabulak,2021,100,Midstream Emissions Intensity (kgCO2eq/boe),30.539199288087225,Midstream,CO2eq
494,Akshabulak,2022,20,Midstream Emissions Intensity (kgCO2eq/boe),31.49301747387844,Midstream,CO2eq
495,Akshabulak,2022,100,Midstream Emissions Intensity (kgCO2eq/boe),30.83405134894076,Midstream,CO2eq
496,Kalamkas,2015,20,Midstream Emissions Intensity (kgCO2eq/boe),46.68748897846741,Midstream,CO2eq
497,Kalamkas,2015,100,Midstream Emissions Intensity (kgCO2eq/boe),46.23728133635088,Midstream,CO2eq
498,Kalamkas,2016,20,Midstream Emissions Intensity (kgCO2eq/boe),46.78732024131797,Midstream,CO2eq
499,Kalamkas,2016,100,Midstream Emissions Intensity (kgCO2eq/boe),46.33613847293745,Midstream,CO2eq
500,Kalamkas,2017,20,Midstream Emissions Intensity (kgCO2eq/boe),46.76478560527888,Midstream,CO2eq
501,Kalamkas,2017,100,Midstream Emissions Intensity (kgCO2eq/boe),46.313821143999625,Midstream,CO2eq
502,Kalamkas,2018,20,Midstream Emissions Intensity (kgCO2eq/boe),46.744764383784286,Midstream,CO2eq
503,Kalamkas,2018,100,Midstream Emissions Intensity (kgCO2eq/boe),46.293992992124586,Midstream,CO2eq
504,Kalamkas,2019,20,Midstream Emissions Intensity (kgCO2eq/boe),46.72507151707182,Midstream,CO2eq
505,Kalamkas,2019,100,Midstream Emissions Intensity (kgCO2eq/boe),46.27449002862484,Midstream,CO2eq
506,Kalamkas,2020,20,Midstream Emissions Intensity (kgCO2eq/boe),46.72476030065887,Midstream,CO2eq
507,Kalamkas,2020,100,Midstream Emissions Intensity (kgCO2eq/boe),46.27418181334917,Midstream,CO2eq
508,Kalamkas,2021,20,Midstream Emissions Intensity (kgCO2eq/boe),46.72476030065885,Midstream,CO2eq
509,Kalamkas,2021,100,Midstream Emissions Intensity (kgCO2eq/boe),46.27418181334916,Midstream,CO2eq
510,Kalamkas,2022,20,Midstream Emissions Intensity (kgCO2eq/boe),46.72476030065886,Midstream,CO2eq
511,Kalamkas,2022,100,Midstream Emissions Intensity (kgCO2eq/boe),46.27418181334916,Midstream,CO2eq
512,Karachaganak,2015,20,Midstream Emissions Intensity (kgCO2eq/boe),27.511882467063653,Midstream,CO2eq
513,Karachaganak,2015,100,Midstream Emissions Intensity (kgCO2eq/boe),27.23005062110721,Midstream,CO2eq
514,Karachaganak,2016,20,Midstream Emissions Intensity (kgCO2eq/boe),27.24118251918812,Midstream,CO2eq
515,Karachaganak,2016,100,Midstream Emissions Intensity (kgCO2eq/boe),26.96190720281671,Midstream,CO2eq
516,Karachaganak,2017,20,Midstream Emissions Intensity (kgCO2eq/boe),27.690921633115185,Midstream,CO2eq
517,Karachaganak,2017,100,Midstream Emissions Intensity (kgCO2eq/boe),27.407406721273173,Midstream,CO2eq
518,Karachaganak,2018,20,Midstream Emissions Intensity (kgCO2eq/boe),27.564358698373155,Midstream,CO2eq
519,Karachaganak,2018,100,Midstream Emissions Intensity (kgCO2eq/boe),27.28202545680397,Midstream,CO2eq
520,Karachaganak,2019,20,Midstream Emissions Intensity (kgCO2eq/boe),27.188005961865706,Midstream,CO2eq
521,Karachaganak,2019,100,Midstream Emissions Intensity (kgCO2eq/boe),26.909222608941903,Midstream,CO2eq
522,Karachaganak,2020,20,Midstream Emissions Intensity (kgCO2eq/boe),28.120832671416007,Midstream,CO2eq
523,Karachaganak,2020,100,Midstream Emissions Intensity (kgCO2eq/boe),27.833356701064904,Midstream,CO2eq
524,Karachaganak,2021,20,Midstream Emissions Intensity (kgCO2eq/boe),28.657330473019385,Midstream,CO2eq
525,Karachaganak,2021,100,Midstream Emissions Intensity (kgCO2eq/boe),28.365083642647047,Midstream,CO2eq
526,Karachaganak,2022,20,Midstream Emissions Intensity (kgCO2eq/boe),27.039389202784044,Midstream,CO2eq
527,Karachaganak,2022,100,Midstream Emissions Intensity (kgCO2eq/boe),26.76203553888278,Midstream,CO2eq
528,Tengiz,2015,20,Midstream Emissions Intensity (kgCO2eq/boe),37.488124270624496,Midstream,CO2eq
529,Tengiz,2015,100,Midstream Emissions Intensity (kgCO2eq/boe),37.11508003648643,Midstream,CO2eq
530,Tengiz,2016,20,Midstream Emissions Intensity (kgCO2eq/boe),37.27161107775317,Midstream,CO2eq
531,Tengiz,2016,100,Midstream Emissions Intensity (kgCO2eq/boe),36.90075903002592,Midstream,CO2eq
532,Tengiz,2017,20,Midstream Emissions Intensity (kgCO2eq/boe),37.37325637659443,Midstream,CO2eq
533,Tengiz,2017,100,Midstream Emissions Intensity (kgCO2eq/boe),37.00134960308678,Midstream,CO2eq
534,Tengiz,2018,20,Midstream Emissions Intensity (kgCO2eq/boe),35.73812452888252,Midstream,CO2eq
535,Tengiz,2018,100,Midstream Emissions Intensity (kgCO2eq/boe),35.38149168993151,Midstream,CO2eq
536,Tengiz,2019,20,Midstream Emissions Intensity (kgCO2eq/boe),35.8506274611761,Midstream,CO2eq
537,Tengiz,2019,100,Midstream Emissions Intensity (kgCO2eq/boe),35.49287934549969,Midstream,CO2eq
538,Tengiz,2020,20,Midstream Emissions Intensity (kgCO2eq/boe),37.03515370709877,Midstream,CO2eq
539,Tengiz,2020,100,Midstream Emissions Intensity (kgCO2eq/boe),36.66692528217224,Midstream,CO2eq
540,Tengiz,2021,20,Midstream Emissions Intensity (kgCO2eq/boe),38.67829984879252,Midstream,CO2eq
541,Tengiz,2021,100,Midstream Emissions Intensity (kgCO2eq/boe),38.294384304061445,Midstream,CO2eq
542,Tengiz,2022,20,Midstream Emissions Intensity (kgCO2eq/boe),39.66542271966628,Midstream,CO2eq
543,Tengiz,2022,100,Midstream Emissions Intensity (kgCO2eq/boe),39.27100230197652,Midstream,CO2eq
544,Uzen,2015,20,Midstream Emissions Intensity (kgCO2eq/boe),28.223676775900667,Midstream,CO2eq
545,Uzen,2015,100,Midstream Emissions Intensity (kgCO2eq/boe),27.65683862598112,Midstream,CO2eq
546,Uzen,2016,20,Midstream Emissions Intensity (kgCO2eq/boe),28.197567809034823,Midstream,CO2eq
547,Uzen,2016,100,Midstream Emissions Intensity (kgCO2eq/boe),27.631254025893984,Midstream,CO2eq
548,Uzen,2017,20,Midstream Emissions Intensity (kgCO2eq/boe),28.18423162189553,Midstream,CO2eq
549,Uzen,2017,100,Midstream Emissions Intensity (kgCO2eq/boe),27.61818567981968,Midstream,CO2eq
550,Uzen,2018,20,Midstream Emissions Intensity (kgCO2eq/boe),28.17238269868624,Midstream,CO2eq
551,Uzen,2018,100,Midstream Emissions Intensity (kgCO2eq/boe),27.60657472779195,Midstream,CO2eq
552,Uzen,2019,20,Midstream Emissions Intensity (kgCO2eq/boe),28.160727922058207,Midstream,CO2eq
553,Uzen,2019,100,Midstream Emissions Intensity (kgCO2eq/boe),27.59515402314802,Midstream,CO2eq
554,Uzen,2020,20,Midstream Emissions Intensity (kgCO2eq/boe),28.18146928233137,Midstream,CO2eq
555,Uzen,2020,100,Midstream Emissions Intensity (kgCO2eq/boe),27.615478718648543,Midstream,CO2eq
556,Uzen,2021,20,Midstream Emissions Intensity (kgCO2eq/boe),28.181469282331364,Midstream,CO2eq
557,Uzen,2021,100,Midstream Emissions Intensity (kgCO2eq/boe),27.615478718648543,Midstream,CO2eq
558,Uzen,2022,20,Midstream Emissions Intensity (kgCO2eq/boe),28.18146928233136,Midstream,CO2eq
559,Uzen,2022,100,Midstream Emissions Intensity (kgCO2eq/boe),27.61547871864854,Midstream,CO2eq
560,Zhanazhol,2015,20,Midstream Emissions Intensity (kgCO2eq/boe),26.66389343510239,Midstream,CO2eq
561,Zhanazhol,2015,100,Midstream Emissions Intensity (kgCO2eq/boe),26.39867902677895,Midstream,CO2eq
562,Zhanazhol,2016,20,Midstream Emissions Intensity (kgCO2eq/boe),22.45489611412316,Midstream,CO2eq
563,Zhanazhol,2016,100,Midstream Emissions Intensity (kgCO2eq/boe),22.234564711298894,Midstream,CO2eq
564,Zhanazhol,2017,20,Midstream Emissions Intensity (kgCO2eq/boe),22.297202212134074,Midstream,CO2eq
565,Zhanazhol,2017,100,Midstream Emissions Intensity (kgCO2eq/boe),22.0785333383292,Midstream,CO2eq
566,Zhanazhol,2018,20,Midstream Emissions Intensity (kgCO2eq/boe),19.36582742478365,Midstream,CO2eq
567,Zhanazhol,2018,100,Midstream Emissions Intensity (kgCO2eq/boe),19.175982817944423,Midstream,CO2eq
568,Zhanazhol,2019,20,Midstream Emissions Intensity (kgCO2eq/boe),20.446655574744007,Midstream,CO2eq
569,Zhanazhol,2019,100,Midstream Emissions Intensity (kgCO2eq/boe),20.247014869172656,Midstream,CO2eq
570,Zhanazhol,2020,20,Midstream Emissions Intensity (kgCO2eq/boe),19.40045798077096,Midstream,CO2eq
571,Zhanazhol,2020,100,Midstream Emissions Intensity (kgCO2eq/boe),19.21103531326028,Midstream,CO2eq
572,Zhanazhol,2021,20,Midstream Emissions Intensity (kgCO2eq/boe),19.83098548354508,Midstream,CO2eq
573,Zhanazhol,2021,100,Midstream Emissions Intensity (kgCO2eq/boe),19.637359221042303,Midstream,CO2eq
574,Zhanazhol,2022,20,Midstream Emissions Intensity (kgCO2eq/boe),19.67912756927423,Midstream,CO2eq
575,Zhanazhol,2022,100,Midstream Emissions Intensity (kgCO2eq/boe),19.48633577013395,Midstream,CO2eq
576,Akshabulak,2015,20,Transport Emissions Intensity (kgCO2eq/boe),14.593555736299516,Transport,CO2eq
577,Akshabulak,2015,100,Transport Emissions Intensity (kgCO2eq/boe),13.382810773983298,Transport,CO2eq
578,Akshabulak,2016,20,Transport Emissions Intensity (kgCO2eq/boe),14.584202742856643,Transport,CO2eq
579,Akshabulak,2016,100,Transport Emissions Intensity (kgCO2eq/boe),13.374400899384632,Transport,CO2eq
580,Akshabulak,2017,20,Transport Emissions Intensity (kgCO2eq/boe),14.574326902870734,Transport,CO2eq
581,Akshabulak,2017,100,Transport Emissions Intensity (kgCO2eq/boe),13.365513605633527,Transport,CO2eq
582,Akshabulak,2018,20,Transport Emissions Intensity (kgCO2eq/boe),14.580493888570258,Transport,CO2eq
583,Akshabulak,2018,100,Transport Emissions Intensity (kgCO2eq/boe),13.371063291892998,Transport,CO2eq
584,Akshabulak,2019,20,Transport Emissions Intensity (kgCO2eq/boe),14.574589271488977,Transport,CO2eq
585,Akshabulak,2019,100,Transport Emissions Intensity (kgCO2eq/boe),13.36574281482995,Transport,CO2eq
586,Akshabulak,2020,20,Transport Emissions Intensity (kgCO2eq/boe),14.571539123151023,Transport,CO2eq
587,Akshabulak,2020,100,Transport Emissions Intensity (kgCO2eq/boe),13.363285677851072,Transport,CO2eq
588,Akshabulak,2021,20,Transport Emissions Intensity (kgCO2eq/boe),14.51596555722351,Transport,CO2eq
589,Akshabulak,2021,100,Transport Emissions Intensity (kgCO2eq/boe),13.312994080892686,Transport,CO2eq
590,Akshabulak,2022,20,Transport Emissions Intensity (kgCO2eq/boe),14.549341936324192,Transport,CO2eq
591,Akshabulak,2022,100,Transport Emissions Intensity (kgCO2eq/boe),13.343022688036278,Transport,CO2eq
592,Kalamkas,2015,20,Transport Emissions Intensity (kgCO2eq/boe),16.86950256616929,Transport,CO2eq
593,Kalamkas,2015,100,Transport Emissions Intensity (kgCO2eq/boe),15.481541885246706,Transport,CO2eq
594,Kalamkas,2016,20,Transport Emissions Intensity (kgCO2eq/boe),16.881808546820274,Transport,CO2eq
595,Kalamkas,2016,100,Transport Emissions Intensity (kgCO2eq/boe),15.49320650003546,Transport,CO2eq
596,Kalamkas,2017,20,Transport Emissions Intensity (kgCO2eq/boe),16.878918019986692,Transport,CO2eq
597,Kalamkas,2017,100,Transport Emissions Intensity (kgCO2eq/boe),15.49056480273225,Transport,CO2eq
598,Kalamkas,2018,20,Transport Emissions Intensity (kgCO2eq/boe),16.87634988984823,Transport,CO2eq
599,Kalamkas,2018,100,Transport Emissions Intensity (kgCO2eq/boe),15.488217748768854,Transport,CO2eq
600,Kalamkas,2019,20,Transport Emissions Intensity (kgCO2eq/boe),16.873823877909814,Transport,CO2eq
601,Kalamkas,2019,100,Transport Emissions Intensity (kgCO2eq/boe),15.4859091872817,Transport,CO2eq
602,Kalamkas,2020,20,Transport Emissions Intensity (kgCO2eq/boe),16.873783958055277,Transport,CO2eq
603,Kalamkas,2020,100,Transport Emissions Intensity (kgCO2eq/boe),15.485872703907514,Transport,CO2eq
604,Kalamkas,2021,20,Transport Emissions Intensity (kgCO2eq/boe),16.873783958055277,Transport,CO2eq
605,Kalamkas,2021,100,Transport Emissions Intensity (kgCO2eq/boe),15.485872703907514,Transport,CO2eq
606,Kalamkas,2022,20,Transport Emissions Intensity (kgCO2eq/boe),16.873783958055277,Transport,CO2eq
607,Kalamkas,2022,100,Transport Emissions Intensity (kgCO2eq/boe),15.485872703907509,Transport,CO2eq
608,Karachaganak,2015,20,Transport Emissions Intensity (kgCO2eq/boe),34.88381176518947,Transport,CO2eq
609,Karachaganak,2015,100,Transport Emissions Intensity (kgCO2eq/boe),23.35216010594144,Transport,CO2eq
610,Karachaganak,2016,20,Transport Emissions Intensity (kgCO2eq/boe),35.96667531688868,Transport,CO2eq
611,Karachaganak,2016,100,Transport Emissions Intensity (kgCO2eq/boe),23.856744457041945,Transport,CO2eq
612,Karachaganak,2017,20,Transport Emissions Intensity (kgCO2eq/boe),34.15635384820053,Transport,CO2eq
613,Karachaganak,2017,100,Transport Emissions Intensity (kgCO2eq/boe),23.01069825953545,Transport,CO2eq
614,Karachaganak,2018,20,Transport Emissions Intensity (kgCO2eq/boe),34.64439586532756,Transport,CO2eq
615,Karachaganak,2018,100,Transport Emissions Intensity (kgCO2eq/boe),23.237738329160067,Transport,CO2eq
616,Karachaganak,2019,20,Transport Emissions Intensity (kgCO2eq/boe),36.15405924651777,Transport,CO2eq
617,Karachaganak,2019,100,Transport Emissions Intensity (kgCO2eq/boe),23.941653249752907,Transport,CO2eq
618,Karachaganak,2020,20,Transport Emissions Intensity (kgCO2eq/boe),32.4726563856708,Transport,CO2eq
619,Karachaganak,2020,100,Transport Emissions Intensity (kgCO2eq/boe),22.22056068050657,Transport,CO2eq
620,Karachaganak,2021,20,Transport Emissions Intensity (kgCO2eq/boe),30.4928376052488,Transport,CO2eq
621,Karachaganak,2021,100,Transport Emissions Intensity (kgCO2eq/boe),21.291889851855608,Transport,CO2eq
622,Karachaganak,2022,20,Transport Emissions Intensity (kgCO2eq/boe),36.7339787042391,Transport,CO2eq
623,Karachaganak,2022,100,Transport Emissions Intensity (kgCO2eq/boe),24.20930246268013,Transport,CO2eq
624,Tengiz,2015,20,Transport Emissions Intensity (kgCO2eq/boe),14.024948872147768,Transport,CO2eq
625,Tengiz,2015,100,Transport Emissions Intensity (kgCO2eq/boe),12.825974989359992,Transport,CO2eq
626,Tengiz,2016,20,Transport Emissions Intensity (kgCO2eq/boe),13.995583971899476,Transport,CO2eq
627,Tengiz,2016,100,Transport Emissions Intensity (kgCO2eq/boe),12.79756084815164,Transport,CO2eq
628,Tengiz,2017,20,Transport Emissions Intensity (kgCO2eq/boe),14.00872649039036,Transport,CO2eq
629,Tengiz,2017,100,Transport Emissions Intensity (kgCO2eq/boe),12.810278067976023,Transport,CO2eq
630,Tengiz,2018,20,Transport Emissions Intensity (kgCO2eq/boe),13.75465586954326,Transport,CO2eq
631,Tengiz,2018,100,Transport Emissions Intensity (kgCO2eq/boe),12.56434149540889,Transport,CO2eq
632,Tengiz,2019,20,Transport Emissions Intensity (kgCO2eq/boe),13.770514973298996,Transport,CO2eq
633,Tengiz,2019,100,Transport Emissions Intensity (kgCO2eq/boe),12.579688667052247,Transport,CO2eq
634,Tengiz,2020,20,Transport Emissions Intensity (kgCO2eq/boe),13.969309527275726,Transport,CO2eq
635,Tengiz,2020,100,Transport Emissions Intensity (kgCO2eq/boe),12.772137102677132,Transport,CO2eq
636,Tengiz,2021,20,Transport Emissions Intensity (kgCO2eq/boe),14.21614236196831,Transport,CO2eq
637,Tengiz,2021,100,Transport Emissions Intensity (kgCO2eq/boe),13.010977953245837,Transport,CO2eq
638,Tengiz,2022,20,Transport Emissions Intensity (kgCO2eq/boe),14.337136818742556,Transport,CO2eq
639,Tengiz,2022,100,Transport Emissions Intensity (kgCO2eq/boe),13.128068985629415,Transport,CO2eq
640,Uzen,2015,20,Transport Emissions Intensity (kgCO2eq/boe),16.89088784539728,Transport,CO2eq
641,Uzen,2015,100,Transport Emissions Intensity (kgCO2eq/boe),15.56469259169441,Transport,CO2eq
642,Uzen,2016,20,Transport Emissions Intensity (kgCO2eq/boe),16.885216066543737,Transport,CO2eq
643,Uzen,2016,100,Transport Emissions Intensity (kgCO2eq/boe),15.55946250280828,Transport,CO2eq
644,Uzen,2017,20,Transport Emissions Intensity (kgCO2eq/boe),16.88231898123997,Transport,CO2eq
645,Uzen,2017,100,Transport Emissions Intensity (kgCO2eq/boe),15.556791028119186,Transport,CO2eq
646,Uzen,2018,20,Transport Emissions Intensity (kgCO2eq/boe),16.879744981570013,Transport,CO2eq
647,Uzen,2018,100,Transport Emissions Intensity (kgCO2eq/boe),15.554417478759389,Transport,CO2eq
648,Uzen,2019,20,Transport Emissions Intensity (kgCO2eq/boe),16.877213157313566,Transport,CO2eq
649,Uzen,2019,100,Transport Emissions Intensity (kgCO2eq/boe),15.55208282040137,Transport,CO2eq
650,Uzen,2020,20,Transport Emissions Intensity (kgCO2eq/boe),16.881719047881404,Transport,CO2eq
651,Uzen,2020,100,Transport Emissions Intensity (kgCO2eq/boe),15.556202771597476,Transport,CO2eq
652,Uzen,2021,20,Transport Emissions Intensity (kgCO2eq/boe),16.8817190478814,Transport,CO2eq
653,Uzen,2021,100,Transport Emissions Intensity (kgCO2eq/boe),15.556202771597476,Transport,CO2eq
654,Uzen,2022,20,Transport Emissions Intensity (kgCO2eq/boe),16.881719047881404,Transport,CO2eq
655,Uzen,2022,100,Transport Emissions Intensity (kgCO2eq/boe),15.556202771597471,Transport,CO2eq
656,Zhanazhol,2015,20,Transport Emissions Intensity (kgCO2eq/boe),11.558299706015733,Transport,CO2eq
657,Zhanazhol,2015,100,Transport Emissions Intensity (kgCO2eq/boe),10.370923952530305,Transport,CO2eq
658,Zhanazhol,2016,20,Transport Emissions Intensity (kgCO2eq/boe),110.8781610226512,Transport,CO2eq
659,Zhanazhol,2016,100,Transport Emissions Intensity (kgCO2eq/boe),55.75647917517777,Transport,CO2eq
660,Zhanazhol,2017,20,Transport Emissions Intensity (kgCO2eq/boe),22.96486780035317,Transport,CO2eq
661,Zhanazhol,2017,100,Transport Emissions Intensity (kgCO2eq/boe),15.515838756949602,Transport,CO2eq
662,Zhanazhol,2018,20,Transport Emissions Intensity (kgCO2eq/boe),56.70711500041633,Transport,CO2eq
663,Zhanazhol,2018,100,Transport Emissions Intensity (kgCO2eq/boe),31.5435592088959,Transport,CO2eq
664,Zhanazhol,2019,20,Transport Emissions Intensity (kgCO2eq/boe),54.65610729579622,Transport,CO2eq
665,Zhanazhol,2019,100,Transport Emissions Intensity (kgCO2eq/boe),30.67386964891464,Transport,CO2eq
666,Zhanazhol,2020,20,Transport Emissions Intensity (kgCO2eq/boe),56.415396659635405,Transport,CO2eq
667,Zhanazhol,2020,100,Transport Emissions Intensity (kgCO2eq/boe),31.41958233404264,Transport,CO2eq
668,Zhanazhol,2021,20,Transport Emissions Intensity (kgCO2eq/boe),55.692998547300455,Transport,CO2eq
669,Zhanazhol,2021,100,Transport Emissions Intensity (kgCO2eq/boe),31.11341927640607,Transport,CO2eq
670,Zhanazhol,2022,20,Transport Emissions Intensity (kgCO2eq/boe),56.13834015241966,Transport,CO2eq
671,Zhanazhol,2022,100,Transport Emissions Intensity (kgCO2eq/boe),31.30217811158516,Transport,CO2eq
672,Akshabulak,2015,20,Downstream Emissions Intensity (kgCO2eq/boe),364.050603201794,Downstream,CO2eq
673,Akshabulak,2015,100,Downstream Emissions Intensity (kgCO2eq/boe),363.0384490663604,Downstream,CO2eq
674,Akshabulak,2016,20,Downstream Emissions Intensity (kgCO2eq/boe),363.6516089636273,Downstream,CO2eq
675,Akshabulak,2016,100,Downstream Emissions Intensity (kgCO2eq/boe),362.6425782600144,Downstream,CO2eq
676,Akshabulak,2017,20,Downstream Emissions Intensity (kgCO2eq/boe),363.39658617854656,Downstream,CO2eq
677,Akshabulak,2017,100,Downstream Emissions Intensity (kgCO2eq/boe),362.38825080556137,Downstream,CO2eq
678,Akshabulak,2018,20,Downstream Emissions Intensity (kgCO2eq/boe),363.57273089559584,Downstream,CO2eq
679,Akshabulak,2018,100,Downstream Emissions Intensity (kgCO2eq/boe),362.5636995150085,Downstream,CO2eq
680,Akshabulak,2019,20,Downstream Emissions Intensity (kgCO2eq/boe),363.4041396812748,Downstream,CO2eq
681,Akshabulak,2019,100,Downstream Emissions Intensity (kgCO2eq/boe),362.3957490793359,Downstream,CO2eq
682,Akshabulak,2020,20,Downstream Emissions Intensity (kgCO2eq/boe),363.39988216166006,Downstream,CO2eq
683,Akshabulak,2020,100,Downstream Emissions Intensity (kgCO2eq/boe),362.3915818762224,Downstream,CO2eq
684,Akshabulak,2021,20,Downstream Emissions Intensity (kgCO2eq/boe),361.7455454324225,Downstream,CO2eq
685,Akshabulak,2021,100,Downstream Emissions Intensity (kgCO2eq/boe),360.7435502437372,Downstream,CO2eq
686,Akshabulak,2022,20,Downstream Emissions Intensity (kgCO2eq/boe),362.68860206390445,Downstream,CO2eq
687,Akshabulak,2022,100,Downstream Emissions Intensity (kgCO2eq/boe),361.68297431174886,Downstream,CO2eq
688,Kalamkas,2015,20,Downstream Emissions Intensity (kgCO2eq/boe),402.6637826735957,Downstream,CO2eq
689,Kalamkas,2015,100,Downstream Emissions Intensity (kgCO2eq/boe),401.4926216075333,Downstream,CO2eq
690,Kalamkas,2016,20,Downstream Emissions Intensity (kgCO2eq/boe),403.060637703771,Downstream,CO2eq
691,Kalamkas,2016,100,Downstream Emissions Intensity (kgCO2eq/boe),401.88816101450266,Downstream,CO2eq
692,Kalamkas,2017,20,Downstream Emissions Intensity (kgCO2eq/boe),402.9888252290655,Downstream,CO2eq
693,Kalamkas,2017,100,Downstream Emissions Intensity (kgCO2eq/boe),401.816601162508,Downstream,CO2eq
694,Kalamkas,2018,20,Downstream Emissions Intensity (kgCO2eq/boe),402.92502240306646,Downstream,CO2eq
695,Kalamkas,2018,100,Downstream Emissions Intensity (kgCO2eq/boe),401.7530227827897,Downstream,CO2eq
696,Kalamkas,2019,20,Downstream Emissions Intensity (kgCO2eq/boe),402.8622659649232,Downstream,CO2eq
697,Kalamkas,2019,100,Downstream Emissions Intensity (kgCO2eq/boe),401.69048710993263,Downstream,CO2eq
698,Kalamkas,2020,20,Downstream Emissions Intensity (kgCO2eq/boe),402.8612741929352,Downstream,CO2eq
699,Kalamkas,2020,100,Downstream Emissions Intensity (kgCO2eq/boe),401.689498826811,Downstream,CO2eq
700,Kalamkas,2021,20,Downstream Emissions Intensity (kgCO2eq/boe),402.8612741929351,Downstream,CO2eq
701,Kalamkas,2021,100,Downstream Emissions Intensity (kgCO2eq/boe),401.6894988268109,Downstream,CO2eq
702,Kalamkas,2022,20,Downstream Emissions Intensity (kgCO2eq/boe),402.861274192935,Downstream,CO2eq
703,Kalamkas,2022,100,Downstream Emissions Intensity (kgCO2eq/boe),401.68949882681096,Downstream,CO2eq
704,Karachaganak,2015,20,Downstream Emissions Intensity (kgCO2eq/boe),341.6741996724636,Downstream,CO2eq
705,Karachaganak,2015,100,Downstream Emissions Intensity (kgCO2eq/boe),337.83683305320403,Downstream,CO2eq
706,Karachaganak,2016,20,Downstream Emissions Intensity (kgCO2eq/boe),341.47379537717484,Downstream,CO2eq
707,Karachaganak,2016,100,Downstream Emissions Intensity (kgCO2eq/boe),337.5236968484154,Downstream,CO2eq
708,Karachaganak,2017,20,Downstream Emissions Intensity (kgCO2eq/boe),341.79569385742366,Downstream,CO2eq
709,Karachaganak,2017,100,Downstream Emissions Intensity (kgCO2eq/boe),338.0355360356391,Downstream,CO2eq
710,Karachaganak,2018,20,Downstream Emissions Intensity (kgCO2eq/boe),341.692998218168,Downstream,CO2eq
711,Karachaganak,2018,100,Downstream Emissions Intensity (kgCO2eq/boe),337.88108439027434,Downstream,CO2eq
712,Karachaganak,2019,20,Downstream Emissions Intensity (kgCO2eq/boe),341.4148501875081,Downstream,CO2eq
713,Karachaganak,2019,100,Downstream Emissions Intensity (kgCO2eq/boe),337.4458041628634,Downstream,CO2eq
714,Karachaganak,2020,20,Downstream Emissions Intensity (kgCO2eq/boe),342.12789401168106,Downstream,CO2eq
715,Karachaganak,2020,100,Downstream Emissions Intensity (kgCO2eq/boe),338.5501839082273,Downstream,CO2eq
716,Karachaganak,2021,20,Downstream Emissions Intensity (kgCO2eq/boe),342.62631956860025,Downstream,CO2eq
717,Karachaganak,2021,100,Downstream Emissions Intensity (kgCO2eq/boe),339.270588187048,Downstream,CO2eq
718,Karachaganak,2022,20,Downstream Emissions Intensity (kgCO2eq/boe),341.3000739470376,Downstream,CO2eq
719,Karachaganak,2022,100,Downstream Emissions Intensity (kgCO2eq/boe),337.27172776916854,Downstream,CO2eq
720,Tengiz,2015,20,Downstream Emissions Intensity (kgCO2eq/boe),365.0057001760458,Downstream,CO2eq
721,Tengiz,2015,100,Downstream Emissions Intensity (kgCO2eq/boe),364.0006235405857,Downstream,CO2eq
722,Tengiz,2016,20,Downstream Emissions Intensity (kgCO2eq/boe),364.5675193220597,Downstream,CO2eq
723,Tengiz,2016,100,Downstream Emissions Intensity (kgCO2eq/boe),363.5649755198263,Downstream,CO2eq
724,Tengiz,2017,20,Downstream Emissions Intensity (kgCO2eq/boe),364.7687151508578,Downstream,CO2eq
725,Tengiz,2017,100,Downstream Emissions Intensity (kgCO2eq/boe),363.76495782497415,Downstream,CO2eq
726,Tengiz,2018,20,Downstream Emissions Intensity (kgCO2eq/boe),361.2285746453138,Downstream,CO2eq
727,Tengiz,2018,100,Downstream Emissions Intensity (kgCO2eq/boe),360.2427554897937,Downstream,CO2eq
728,Tengiz,2019,20,Downstream Emissions Intensity (kgCO2eq/boe),361.4604799073416,Downstream,CO2eq
729,Tengiz,2019,100,Downstream Emissions Intensity (kgCO2eq/boe),360.4733667610196,Downstream,CO2eq
730,Tengiz,2020,20,Downstream Emissions Intensity (kgCO2eq/boe),364.1291621589981,Downstream,CO2eq
731,Tengiz,2020,100,Downstream Emissions Intensity (kgCO2eq/boe),363.129601953762,Downstream,CO2eq
732,Tengiz,2021,20,Downstream Emissions Intensity (kgCO2eq/boe),367.6208925980313,Downstream,CO2eq
733,Tengiz,2021,100,Downstream Emissions Intensity (kgCO2eq/boe),366.603010374205,Downstream,CO2eq
734,Tengiz,2022,20,Downstream Emissions Intensity (kgCO2eq/boe),369.530338585077,Downstream,CO2eq
735,Tengiz,2022,100,Downstream Emissions Intensity (kgCO2eq/boe),368.5004209911207,Downstream,CO2eq
736,Uzen,2015,20,Downstream Emissions Intensity (kgCO2eq/boe),435.9312250071574,Downstream,CO2eq
737,Uzen,2015,100,Downstream Emissions Intensity (kgCO2eq/boe),434.81980352131313,Downstream,CO2eq
738,Uzen,2016,20,Downstream Emissions Intensity (kgCO2eq/boe),435.76288893477545,Downstream,CO2eq
739,Uzen,2016,100,Downstream Emissions Intensity (kgCO2eq/boe),434.6518961743424,Downstream,CO2eq
740,Uzen,2017,20,Downstream Emissions Intensity (kgCO2eq/boe),435.67690463003015,Downstream,CO2eq
741,Uzen,2017,100,Downstream Emissions Intensity (kgCO2eq/boe),434.566130858052,Downstream,CO2eq
742,Uzen,2018,20,Downstream Emissions Intensity (kgCO2eq/boe),435.6005093745129,Downstream,CO2eq
743,Uzen,2018,100,Downstream Emissions Intensity (kgCO2eq/boe),434.48993016919457,Downstream,CO2eq
744,Uzen,2019,20,Downstream Emissions Intensity (kgCO2eq/boe),435.5253658679877,Downstream,CO2eq
745,Uzen,2019,100,Downstream Emissions Intensity (kgCO2eq/boe),434.414978041322,Downstream,CO2eq
746,Uzen,2020,20,Downstream Emissions Intensity (kgCO2eq/boe),435.6504241742552,Downstream,CO2eq
747,Uzen,2020,100,Downstream Emissions Intensity (kgCO2eq/boe),434.5397123805324,Downstream,CO2eq
748,Uzen,2021,20,Downstream Emissions Intensity (kgCO2eq/boe),435.6504241742552,Downstream,CO2eq
749,Uzen,2021,100,Downstream Emissions Intensity (kgCO2eq/boe),434.5397123805324,Downstream,CO2eq
750,Uzen,2022,20,Downstream Emissions Intensity (kgCO2eq/boe),435.6504241742553,Downstream,CO2eq
751,Uzen,2022,100,Downstream Emissions Intensity (kgCO2eq/boe),434.5397123805323,Downstream,CO2eq
752,Zhanazhol,2015,20,Downstream Emissions Intensity (kgCO2eq/boe),356.0975443765924,Downstream,CO2eq
753,Zhanazhol,2015,100,Downstream Emissions Intensity (kgCO2eq/boe),355.30281009567403,Downstream,CO2eq
754,Zhanazhol,2016,20,Downstream Emissions Intensity (kgCO2eq/boe),370.9466586803328,Downstream,CO2eq
755,Zhanazhol,2016,100,Downstream Emissions Intensity (kgCO2eq/boe),357.62291868662555,Downstream,CO2eq
756,Zhanazhol,2017,20,Downstream Emissions Intensity (kgCO2eq/boe),355.97268670108,Downstream,CO2eq
757,Zhanazhol,2017,100,Downstream Emissions Intensity (kgCO2eq/boe),351.6407525790113,Downstream,CO2eq
758,Zhanazhol,2018,20,Downstream Emissions Intensity (kgCO2eq/boe),367.52945875186657,Downstream,CO2eq
759,Zhanazhol,2018,100,Downstream Emissions Intensity (kgCO2eq/boe),353.01492117056125,Downstream,CO2eq
760,Zhanazhol,2019,20,Downstream Emissions Intensity (kgCO2eq/boe),367.9337059225456,Downstream,CO2eq
761,Zhanazhol,2019,100,Downstream Emissions Intensity (kgCO2eq/boe),354.0849694126107,Downstream,CO2eq
762,Zhanazhol,2020,20,Downstream Emissions Intensity (kgCO2eq/boe),367.44457130897786,Downstream,CO2eq
763,Zhanazhol,2020,100,Downstream Emissions Intensity (kgCO2eq/boe),353.0276483353623,Downstream,CO2eq
764,Zhanazhol,2021,20,Downstream Emissions Intensity (kgCO2eq/boe),367.6456533574542,Downstream,CO2eq
765,Zhanazhol,2021,100,Downstream Emissions Intensity (kgCO2eq/boe),353.46269396297555,Downstream,CO2eq
766,Zhanazhol,2022,20,Downstream Emissions Intensity (kgCO2eq/boe),367.64444580245936,Downstream,CO2eq
767,Zhanazhol,2022,100,Downstream Emissions Intensity (kgCO2eq/boe),353.31560063614137,Downstream,CO2eq
